<ioobjects>
    <ioobject
        name="PaDELSimpleTable"
        class="com.rapidminer.tools.PaDELSimpleTable"
        reportable="true">
        <renderer>com.rapidminer.tools.PaDELSimpleTableRenderer</renderer>
    </ioobject>
    <ioobject
        name="Compounds"
        class="com.rapidminer.operator.chemistry.Compounds"
        reportable="true">
        <renderer>com.rapidminer.tools.PaDELSimpleTableRenderer</renderer>
    </ioobject>

<!--  
    This is an example how to specify IOObjects and theirs various renderers.
	<ioobject
		name="Document"
		class="com.rapidminer.operator.text.Document"
		reportable="true">
	  <renderer>com.rapidminer.gui.renderer.text.DocumentRenderer</renderer>
	</ioobject>
	
    <ioobject
        name="Word List"
        class="com.rapidminer.operator.text.WordList"
        reportable="true">
      <renderer>com.rapidminer.gui.renderer.DefaultTextRenderer</renderer>
    </ioobject>
 -->
</ioobjects>